{"accuracy": [0.7004843354225159, 0.8541693687438965, 0.8874198198318481, 0.9046995639801025, 0.9166121482849121, 0.9118994474411011, 0.9252520203590393, 0.9242047667503357, 0.9389972686767578, 0.9239429235458374], "loss": [0.8487147688865662, 0.385635644197464, 0.30337491631507874, 0.252047061920166, 0.21701738238334656, 0.23649299144744873, 0.19450035691261292, 0.19734014570713043, 0.16294528543949127, 0.20533527433872223], "val_accuracy": [0.8480167388916016, 0.8738054633140564, 0.9107213020324707, 0.899725079536438, 0.9253829121589661, 0.9312736988067627, 0.9253829121589661, 0.9256446957588196, 0.9611205458641052, 0.9473752975463867], "val_loss": [0.40307751297950745, 0.31881704926490784, 0.22363914549350739, 0.26700881123542786, 0.20012813806533813, 0.19128797948360443, 0.17878983914852142, 0.19901858270168304, 0.10543029010295868, 0.1446535885334015]}